,accuracy,cv_accuracy,training_time_sec,prediction_time_sec
RandomForest,1.0,0.9333333333333332,0.23920226097106934,0.008678913116455078
LogisticRegression,1.0,0.9333333333333333,0.014637947082519531,0.0001971721649169922
SVM,0.7647058823529411,0.9333333333333333,0.0016922950744628906,0.00029730796813964844
